,last_name_count,last_name
0,571819,johnson
1,512312,jones
2,503266,williams
3,471390,brown
4,386764,lee
5,360010,khan
6,355639,singh
7,343220,kumar
8,324972,miller
9,311576,davis
10,280747,wilson
11,277466,taylor
12,263054,thomas
13,260203,garcia
14,258501,anderson
15,245078,sharma
16,236778,martin
17,236338,rodriguez
18,230068,ali
19,226143,white
20,225097,jackson
21,223170,thompson
22,221085,moore
23,214823,ahmed
24,201310,martinez
25,199151,lopez
26,188844,harris
27,187711,patel
28,185105,king
29,177520,walker
30,175455,hernandez
31,172994,clark
32,172959,lewis
33,171236,robinson
34,163959,young
35,157821,gonzalez
36,157300,hall
37,155551,wright
38,155322,scott
39,154630,perez
40,154532,green
41,152797,allen
42,150361,tan
43,149749,shah
44,145495,roberts
45,144804,adams
46,143332,nguyen
47,142322,james
48,141683,hill
49,140242,baker
50,139530,campbell
51,135238,wong
52,134117,sanchez
53,133849,evans
54,132272,cruz
55,131726,gupta
56,130499,chan
57,128501,mitchell
58,125721,carter
59,125194,reyes
60,123253,nelson
61,120591,edwards
62,120372,rivera
63,119498,parker
64,118999,turner
65,118538,phillips
66,117985,lim
67,117247,murphy
68,114605,stewart
69,114524,collins
70,112093,jain
71,111494,torres
72,111201,morris
73,109652,santos
74,109553,kelly
75,107129,morgan
76,105451,cooper
77,103087,ramirez
78,100981,flores
79,99548,bell
80,99237,cook
81,98580,wood
82,97253,rogers
83,96237,ramos
84,95151,watson
85,92771,ward
86,91749,diaz
87,91474,bailey
88,91342,rose
89,90871,ahmad
90,90245,hughes
91,89172,bennett
92,89105,love
93,88912,kim
94,88332,mohamed
95,88071,gomez
96,87216,mendoza
97,86555,gray
98,86346,richardson
99,83835,ross
100,82921,cox
101,82016,chen
102,78733,reed
103,78512,brooks
104,78503,peterson
105,78503,howard
106,78254,price
107,77592,gonzales
108,76935,ng
109,76604,fernandez
110,76049,russell
111,75996,foster
112,74694,murray
113,74635,long
114,73673,black
115,72726,graham
116,71653,jenkins
117,71640,harrison
118,71639,alexander
119,71125,fisher
120,71051,morales
121,71017,ryan
122,70982,henderson
123,70809,stevens
124,70366,powell
125,69818,butler
126,69749,hamilton
127,69428,marshall
128,69411,perry
129,69255,jordan
130,69103,george
131,69032,barnes
132,68584,cole
133,68133,kennedy
134,67897,west
135,67878,simpson
136,67494,mcdonald
137,66932,sullivan
138,66031,reynolds
139,65951,ortiz
140,65814,shaw
141,65512,hassan
142,65306,castillo
143,65228,ellis
144,64588,myers
145,64380,wallace
146,64042,sanders
147,63814,gibson
148,63742,rahman
149,63443,marie
150,63277,hunter
151,62891,fox
152,62681,joseph
153,62661,wang
154,61945,gutierrez
155,61375,li
156,61187,hayes
157,61153,clarke
158,61139,tran
159,61046,patterson
160,60801,henry
161,60529,ford
162,60383,coleman
163,60372,mason
164,60135,richards
165,59564,simmons
166,59466,castro
167,59043,robertson
168,58750,gordon
169,58586,woods
170,58513,grant
171,58427,griffin
172,58236,paul
173,57975,silva
174,57652,roy
175,57529,stone
176,57493,john
177,57311,hunt
178,57057,webb
179,57018,wells
180,56874,knight
181,56864,johnston
182,56827,palmer
183,56440,mills
184,56111,alvarez
185,55604,burns
186,55534,holmes
187,55358,davies
188,55229,andrews
189,55165,reid
190,54971,hussain
191,53906,matthews
192,53503,peters
193,53224,david
194,53135,porter
195,53031,bryant
196,52952,dixon
197,52763,santiago
198,52576,ferguson
199,52490,freeman
200,52246,lawrence
201,52155,ruiz
202,52148,reddy
203,52120,agarwal
204,51889,crawford
205,51654,jimenez
206,51011,ray
207,50887,malik
208,50863,obrien
209,50293,armstrong
210,50284,verma
211,49891,spencer
212,49885,raj
213,49830,walsh
214,49665,elliott
215,49538,hart
216,49506,kaur
217,49378,tucker
218,48652,ho
219,48514,daniels
220,48365,ibrahim
221,48285,owens
222,48199,meyer
223,48187,morrison
224,48154,warren
225,47961,dunn
226,47803,payne
227,47780,hansen
228,47559,lane
229,47458,chapman
230,47429,romero
231,47123,jacobs
232,46592,may
233,46433,chavez
234,46234,francis
235,46209,bradley
236,46110,liu
237,45971,boyd
238,45515,man
239,45420,berry
240,45310,duncan
241,45295,stephens
242,45156,gill
243,45109,mohammed
244,45049,medina
245,45037,harvey
246,44990,daniel
247,44896,lam
248,44724,burke
249,44539,arora
250,44304,cunningham
251,44257,das
252,44099,hicks
253,44068,schmidt
254,44040,gardner
255,44028,hudson
256,43948,yang
257,43863,riley
258,43595,yadav
259,43447,olson
260,43406,davidson
261,43323,dean
262,43302,day
263,43099,hawkins
264,43095,bautista
265,42990,cohen
266,42916,park
267,42878,wagner
268,42876,arnold
269,42582,rice
270,42295,lin
271,42243,mishra
272,42147,carroll
273,41990,lynch
274,41888,mehta
275,41752,joshi
276,41664,vargas
277,41533,lynn
278,41513,washington
279,41363,moreno
280,41111,harper
281,40898,oliver
282,40767,carr
283,40364,shrestha
284,40160,aguilar
285,40148,zhang
286,39977,nichols
287,39973,williamson
288,39887,austin
289,39688,ong
290,39655,snyder
291,39583,villanueva
292,39571,vasquez
293,39126,willis
294,39114,wheeler
295,38983,jensen
296,38869,islam
297,38865,herrera
298,38829,lucas
299,38811,bishop
300,38738,douglas
301,38702,lawson
302,38661,macdonald
303,38329,hasan
304,38197,newman
305,38186,le
306,38133,gilbert
307,37963,greene
308,37839,pierce
309,37790,yu
310,37739,salazar
311,37714,chang
312,37630,pearson
313,37498,burton
314,37301,kelley
315,37195,mendez
316,37154,watkins
317,37131,lau
318,37048,mann
319,37042,barrett
320,36833,wu
321,36800,perkins
322,36796,walters
323,36783,carpenter
324,36765,dawson
325,36714,banks
326,36209,franklin
327,35867,barker
328,35695,little
329,35690,curtis
330,35636,hanson
331,35499,weaver
332,35482,hoffman
333,35108,miranda
334,35096,ismail
335,34738,holland
336,34635,angel
337,34527,fuller
338,34481,montgomery
339,34451,page
340,34348,valdez
341,34345,hossain
342,34319,mccarthy
343,34080,fletcher
344,34014,guzman
345,33918,doyle
346,33833,lambert
347,33784,saunders
348,33652,oconnor
349,33593,larson
350,33403,nair
351,33357,carlson
352,33336,lowe
353,33032,stanley
354,32865,shaikh
355,32824,simon
356,32796,howell
357,32788,fowler
358,32742,chambers
359,32708,watts
360,32669,huang
361,32537,quinn
362,32533,patil
363,32514,chua
364,32265,craig
365,32204,munoz
366,32048,anthony
367,31888,rana
368,31811,weber
369,31792,charles
370,31567,cheng
371,31562,michael
372,31519,bates
373,31497,sims
374,31472,rao
375,31408,hopkins
376,31309,marquez
377,31254,gregory
378,31210,cross
379,31198,pandey
380,31196,tang
381,31154,ball
382,31083,stevenson
383,31041,blake
384,30915,rai
385,30819,fleming
386,30718,sutton
387,30366,mercado
388,30348,navarro
389,30345,cameron
390,30192,wade
391,30138,schneider
392,30065,pena
393,30055,soto
394,30048,welch
395,30013,mccoy
396,29960,hardy
397,29957,jennings
398,29911,alam
399,29856,steele
400,29836,delgado
401,29789,benson
402,29764,leung
403,29700,abdullah
404,29571,lloyd
405,29566,mckenzie
406,29438,chong
407,29337,miles
408,29251,beck
409,29245,bowman
410,29238,vega
411,29206,webster
412,29143,parsons
413,29107,ortega
414,29102,schultz
415,28972,leonard
416,28942,higgins
417,28820,owen
418,28772,garrett
419,28717,brewer
420,28643,newton
421,28609,kapoor
422,28576,fitzgerald
423,28557,cortez
424,28533,ann
425,28434,norris
426,28415,wilkinson
427,28266,barnett
428,28251,chauhan
429,28231,nunez
430,28211,potter
431,28189,padilla
432,28144,agrawal
433,28065,aquino
434,27838,gallagher
435,27746,pham
436,27745,burgess
437,27724,lyons
438,27630,moss
439,27619,sharp
440,27585,warner
441,27412,cheung
442,27407,srivastava
443,27343,iqbal
444,27329,prasad
445,27326,fernandes
446,27301,fields
447,27291,garza
448,27196,dennis
449,27049,holt
450,26919,oneill
451,26895,luna
452,26867,rhodes
453,26829,keller
454,26732,vazquez
455,26652,moon
456,26563,estrada
457,26531,reeves
458,26524,acosta
459,26466,prince
460,26438,lai
461,26413,rowe
462,26375,farmer
463,26280,guerrero
464,26233,blair
465,26197,wolf
466,26191,garg
467,26121,moran
468,26115,becker
469,26100,brady
470,26073,caldwell
471,26005,law
472,25997,terry
473,25992,barber
474,25913,rios
475,25851,powers
476,25825,marsh
477,25766,hale
478,25631,baldwin
479,25606,molina
480,25414,todd
481,25388,manning
482,25255,neal
483,25248,patrick
484,25134,logan
485,25124,maxwell
486,25090,klein
487,25044,yap
488,25023,hammond
489,24920,haynes
490,24882,francisco
491,24880,walton
492,24854,vincent
493,24824,mclaughlin
494,24818,bowen
495,24753,richard
496,24735,thornton
497,24690,waters
498,24636,bush
499,24636,aziz
500,24613,goodwin
501,24567,mclean
502,24518,cabrera
503,24494,parks
504,24492,nicole
505,24442,atkinson
506,24436,chin
507,24427,chung
508,24377,sandoval
509,24356,frank
510,24349,barton
511,24338,omar
512,24239,osborne
513,24217,bond
514,24199,shepherd
515,24192,chandler
516,24188,lang
517,24186,figueroa
518,24147,kay
519,24145,rodgers
520,24129,alvarado
521,24080,norman
522,24035,fernando
523,24027,flynn
524,24007,desai
525,23968,thomson
526,23957,horton
527,23929,nicholson
528,23915,fraser
529,23847,casey
530,23757,maldonado
531,23714,cummings
532,23660,nash
533,23571,wolfe
534,23537,serrano
535,23517,kerr
536,23434,thakur
537,23386,french
538,23344,amin
539,23309,rojas
540,23284,christensen
541,23254,shop
542,23247,tyler
543,23139,mack
544,23081,malone
545,23027,ang
546,23020,townsend
547,22990,abbas
548,22984,pereira
549,22909,samuel
550,22850,sweet
551,22845,farrell
552,22809,tiwari
553,22807,robbins
554,22803,dominguez
555,22774,gibbs
556,22716,contreras
557,22668,hogan
558,22657,graves
559,22651,solomon
560,22622,shelton
561,22617,sam
562,22576,buchanan
563,22532,brennan
564,22525,bruce
565,22522,chowdhury
566,22514,fischer
567,22469,ma
568,22459,griffith
569,22415,mcgee
570,22401,suarez
571,22381,lo
572,22369,erickson
573,22364,cool
574,22227,goodman
575,22216,yates
576,22173,christian
577,22170,choi
578,22161,butt
579,22087,byrne
580,22086,swanson
581,21990,schwartz
582,21984,bird
583,21911,byrd
584,21905,frazier
585,21892,morton
586,21839,vaughn
587,21766,low
588,21748,olsen
589,21745,summers
590,21741,goh
591,21740,petersen
592,21685,soni
593,21636,sinha
594,21603,perera
595,21526,booth
596,21501,anand
597,21472,garner
598,21445,pineda
599,21386,campos
600,21385,baxter
601,21318,bryan
602,21296,mckay
603,21293,harrington
604,21285,jay
605,21236,mcdaniel
606,21223,wall
607,21223,ramsey
608,21134,chow
609,21076,barry
610,21013,lamb
611,20988,robles
612,20975,fuentes
613,20963,valencia
614,20949,lu
615,20881,leblanc
616,20878,stokes
617,20862,drake
618,20843,mckinney
619,20837,kamal
620,20799,briggs
621,20772,curry
622,20764,muhammad
623,20753,glover
624,20734,cannon
625,20726,mejia
626,20704,carey
627,20686,grace
628,20683,duran
629,20620,ghosh
630,20614,colon
631,20565,roman
632,20564,ingram
633,20471,guy
634,20467,avila
635,20460,mahmoud
636,20456,thapa
637,20453,kane
638,20413,hodges
639,20406,leon
640,20378,adam
641,20361,pratt
642,20355,raza
643,20355,pearce
644,20350,khalid
645,20270,gabriel
646,20266,saad
647,20258,chu
648,20245,rosales
649,20233,kent
650,20232,mcguire
651,20226,nolan
652,20214,clayton
653,20178,wise
654,20162,costa
655,20134,savage
656,20129,tate
657,20072,manuel
658,20010,chandra
659,19988,jacob
660,19986,abraham
661,19975,mcbride
662,19951,adel
663,19928,mccormick
664,19918,chaudhary
665,19913,frost
666,19885,sherman
667,19840,harding
668,19833,sparks
669,19808,abbott
670,19768,mullins
671,19766,larsen
672,19719,zimmerman
673,19684,dee
674,19683,norton
675,19661,franco
676,19644,skinner
677,19604,hanna
678,19602,carson
679,19599,rodrigues
680,19583,gurung
681,19569,stephenson
682,19563,griffiths
683,19557,wilkins
684,19529,bauer
685,19518,shetty
686,19504,goyal
687,19481,dsouza
688,19479,malhotra
689,19361,bansal
690,19315,hubbard
691,19312,kemp
692,19266,pope
693,19217,saini
694,19196,jose
695,19141,reese
696,19099,kirk
697,19098,hampton
698,19097,hines
699,19051,soriano
700,19002,preston
701,18996,ferreira
702,18991,aggarwal
703,18988,poole
704,18970,hutchinson
705,18924,johns
706,18911,burnett
707,18910,bowers
708,18906,short
709,18839,snow
710,18838,moody
711,18824,randall
712,18770,power
713,18741,choudhary
714,18740,joy
715,18737,noble
716,18698,foley
717,18667,sinclair
718,18666,harmon
719,18657,mathews
720,18646,solis
721,18623,house
722,18614,rock
723,18602,aja
724,18586,rich
725,18569,babu
726,18547,mueller
727,18511,jack
728,18448,buckley
729,18431,gross
730,18430,tolentino
731,18378,benjamin
732,18361,rosario
733,18348,small
734,18343,ayala
735,18322,pacheco
736,18314,monroe
737,18310,best
738,18307,shukla
739,18246,houston
740,18246,espinoza
741,18223,maria
742,18155,bhatia
743,18146,enriquez
744,18131,schroeder
745,18125,mcintyre
746,18113,heath
747,18111,kramer
748,18109,kirby
749,18104,levy
750,18076,mohan
751,18071,lara
752,18053,saeed
753,17984,dalton
754,17980,han
755,17978,chase
756,17925,mathew
757,17924,ling
758,17896,cain
759,17877,gates
760,17795,holloway
761,17768,gee
762,17764,muller
763,17737,adkins
764,17725,calderon
765,17690,sheikh
766,17680,bartlett
767,17674,joe
768,17634,patton
769,17573,hood
770,17558,strickland
771,17557,collier
772,17535,santana
773,17498,odonnell
774,17489,atkins
775,17465,marks
776,17427,duffy
777,17402,allison
778,17365,velez
779,17365,mcintosh
780,17365,hancock
781,17353,krishna
782,17331,ocampo
783,17329,sun
784,17328,dillon
785,17319,saleh
786,17318,cooke
787,17312,fitzpatrick
788,17303,saxena
789,17294,conway
790,17289,hong
791,17285,maher
792,17274,khanna
793,17272,wijaya
794,17256,mcleod
795,17247,sweeney
796,17246,conner
797,17232,valentine
798,17192,andrade
799,17183,floyd
800,17135,moses
801,17122,kulkarni
802,17113,wilcox
803,17111,camacho
804,17082,krishnan
805,17080,underwood
806,17080,berg
807,17071,dyer
808,17053,prakash
809,17030,elizabeth
810,17023,mcmahon
811,16997,velasquez
812,16986,blue
813,16962,cullen
814,16958,bass
815,16948,velasco
816,16934,roth
817,16930,koh
818,16911,sutherland
819,16900,flowers
820,16882,morrow
821,16863,hartman
822,16858,tanner
823,16841,boyle
824,16833,brock
825,16817,aguirre
826,16800,ballard
827,16715,dizon
828,16688,cobb
829,16680,domingo
830,16673,siddiqui
831,16661,shields
832,16659,nielsen
833,16656,stuart
834,16655,peter
835,16648,bear
836,16612,massey
837,16611,bernard
838,16569,raymond
839,16545,sawyer
840,16533,samson
841,16512,howe
842,16496,dickson
843,16488,cat
844,16480,wyatt
845,16447,leong
846,16415,salinas
847,16404,ashraf
848,16401,antonio
849,16348,zamora
850,16347,bradford
851,16346,english
852,16344,forbes
853,16336,york
854,16335,middleton
855,16324,meyers
856,16310,joyce
857,16282,reilly
858,16275,davenport
859,16225,b
860,16161,mohammad
861,16143,bradshaw
862,16125,walter
863,16102,gomes
864,16087,bee
865,16074,hodge
866,16058,smart
867,16043,ashley
868,16031,jean
869,16020,valenzuela
870,16015,mcmillan
871,15995,javier
872,15966,xu
873,15915,greer
874,15886,said
875,15854,uddin
876,15849,anwar
877,15839,spence
878,15820,donovan
879,15809,horn
880,15806,hobbs
881,15791,barr
882,15759,lindsey
883,15745,whitehead
884,15730,montoya
885,15692,russo
886,15691,jefferson
887,15689,guerra
888,15684,alex
889,15661,villa
890,15640,weiss
891,15615,ansari
892,15614,rivas
893,15607,raja
894,15607,andersen
895,15552,mohd
896,15552,copeland
897,15521,m
898,15513,rehman
899,15510,bridges
900,15506,go
901,15497,teo
902,15496,mittal
903,15474,vaughan
904,15456,ram
905,15453,kang
906,15453,browne
907,15443,shannon
908,15437,carrillo
909,15434,hess
910,15407,jane
911,15399,huynh
912,15387,rashid
913,15369,sheppard
914,15357,saha
915,15346,sampson
916,15329,s
917,15306,mark
918,15263,decker
919,15257,goel
920,15253,osman
921,15250,haddad
922,15232,slater
923,15209,anne
924,15206,gould
925,15187,mcgrath
926,15180,bentley
927,15177,giles
928,15162,keith
929,15154,ferrer
930,15075,donnelly
931,15056,salas
932,15039,knox
933,15023,mostafa
934,15021,whitaker
935,14997,strong
936,14962,pascual
937,14931,peralta
938,14930,eaton
939,14922,starr
940,14916,jarvis
941,14893,singleton
942,14855,daly
943,14847,khoury
944,14835,lindsay
945,14815,mac
946,14803,doherty
947,14801,cervantes
948,14796,gandhi
949,14781,koch
950,14776,mackenzie
951,14760,yee
952,14738,stark
953,14734,archer
954,14731,winter
955,14731,dale
956,14720,stafford
957,14716,hurst
958,14700,phelps
959,14687,leach
960,14673,winters
961,14673,bhardwaj
962,14667,humphrey
963,14667,felix
964,14656,gillespie
965,14590,jha
966,14583,hewitt
967,14575,salah
968,14564,khalil
969,14542,salvador
970,14522,connolly
971,14514,cochran
972,14469,qureshi
973,14460,oconnell
974,14423,woodward
975,14415,shaffer
976,14405,bhatt
977,14399,church
978,14379,donaldson
979,14378,tam
980,14369,albert
981,14341,espinosa
982,14291,oliveira
983,14276,castaneda
984,14268,nixon
985,14266,jo
986,14260,lozano
987,14247,sim
988,14231,grimes
989,14228,clements
990,14224,mccann
991,14223,cardenas
992,14205,landry
993,14201,mustafa
994,14195,delacruz
995,14181,juarez
996,14177,roach
997,14152,mcdowell
998,14152,hurley
999,14137,banerjee
